Accessories,Expressions,Background,Color palettes,Companion effects
Vibranium-weave Hover Drone,Determined with Side Eye,Gradient Underwater,Dream Gold & Purple,Ethereal Starfish Floater
Mystic Portal Sparks,Angry with Gritted Teeth,Foggy Pixel Room,Cyberpunk Mint & Pink,Holy Floating Lantern
Arc-Energy Projection,Panic with Raised Eyebrow,Cyberpunk Galaxy,Glacial Gold & Purple,Clockwork Mini Dragon
Cosmic Space Fragments,Evil with Evil Laugh,Glitchy Cyber City,Neon Olive & Rust,Shadowy Fire Fox
Quantum Realm Spores,Hypnotized with Heart Eyes,High Contrast Volcano,Twilight Lavender & Mint,Shadowy Energy Wolf
Super-soldier Energy Shield Fragments,Worried with Sparkle Eyes,Ethereal Autumn Woods,Festival Coral & Navy,Ethereal Nebula Whale
Asgardian Thunder Storm Aura,Joyful with Raised Eyebrow,Glitchy Temple,Candy Amethyst & Lime,Holy Starfish Floater
Levitating Sorcerer Relics,Crazy with Pursed Lips,Synthwave Minimal,Warm Olive & Rust,Radiant Mana Wisp
Symbiote Slime Tendrils,Crying with Side Eye,Soft Focus Cyber City,Desert Emerald & Silver,Ethereal Ghost Pet
Web-fluid Splatters,Determined with Open Mouth,Dark Minimal,Sunset Mustard & Plum,Toxic Magic Orb
Nano-bot Assembly Aura,Focused with Pursed Lips,Sunlit Aurora,Pastel Amethyst & Lime,Glitching Forest Sprite
Golden Reality Stones Illusion,Zoned Out with Gritted Teeth,Ethereal Ice Cave,Synthwave Rose & Slate,Clockwork Mana Wisp
Valkyrie Wing Projections,Worried with Blushing Cheeks,Ethereal Pixel Room,Tropical Charcoal & Yellow,Freezing Mecha-Cat
Pym Particle Shrink Disks,Sleepy with Pursed Lips,Vibrant Toy Room,Royal Cyan & Magenta,Shadowy Gargoyle Hatchling
Wakandan Tech Holograms,Disgusted with Open Mouth,Vibrant Galaxy,Cosmic Rose & Slate,Flaming Mana Wisp
Mystic Martial Arts Rings Aura,Awkward with Star Pupils,Retro 80s Underwater,Retro Olive & Rust,Toxic Ancient Guardian
Dark Magic Runes,Crying with Drool,Starry Haunted Graveyard,Comic Gold & Purple,Radiant Phoenix Spirit
Time Variance Portals,Curious with Blushing Cheeks,Vibrant Pixel Room,Synthwave Gold & Purple,Astral Mana Wisp
Toxic Musical Notes and Neon Glow,Surprised with Sparkle Eyes,High Contrast Cyber City,Ethereal Coral & Navy,Freezing Butterfly Swarm
Lunar Energy Rings emitting Aura,Mischievous with Blushing Cheeks,Vibrant Minimal,Pastel Mint & Pink,Holy Cloud Spirit
Orbiting Butterflies emitting Aura,Heroic with Open Mouth,Starry Neon,Royal Indigo & Peach,Prismatic Plasma Jellyfish
Volcanic Planets with Glitch Effect,Worried with Tongue Out,Gradient Abstract,Desert Indigo & Peach,Clockwork Pixel Fairy
Ethereal Light Beams and Stardust,Shocked with Wide Grin,Soft Focus Galaxy,Festival Charcoal & Yellow,Neon Robot Assistant
Mystic Thunderbolts and Neon Glow,Mischievous with Open Mouth,Neon Minimal,Glacial Lavender & Mint,Radiant Forest Sprite
Steampunk Planets in Motion,Crazy with Sparkle Eyes,Retro 80s Candy Land,Ocean Gold & Purple,Ethereal Living Shadow
Prismatic Origami Birds with Trailing Smoke,Worried with Evil Laugh,Glitchy Pixel Room,Cold Mint & Pink,Ethereal Robot Assistant
Celestial Galaxy Fragments emitting Aura,Sleepy with Blushing Cheeks,Retro 80s Desert,Vaporwave Coral & Navy,Radiant Nebula Whale
Holographic Ice Spikes and Neon Glow,Awkward with Pursed Lips,Retro 80s Comic Speed Lines,Dream Indigo & Peach,Glitching Mini Kraken
Orbiting Magic Portals in Motion,Determined with Drool,Dark Winter Wonderland,Cold Teal & Orange,Radiant Ghost Pet
Cursed Energy Rings with Glitch Effect,Mischievous with Wide Grin,Monochrome Volcano,Midnight Indigo & Peach,Electric Phoenix Spirit
Arcane Orbital Satellites with Sparks,Grumpy with Evil Laugh,Vibrant Comic Speed Lines,Desert Sapphire & Bronze,Ethereal Ice Owl
Quantum Swarm of Fireflies in Zero Gravity,Shocked with Star Pupils,Cyberpunk Fantasy,Sunset Teal & Orange,Clockwork Gargoyle Hatchling
Neon Levitating Swords with Sparks,Happy with Side Eye,Cyberpunk Toy Room,Comic Emerald & Silver,Flaming Floating Lantern
Divine Shadow Tendrils pulsing with Energy,Surprised with Glowing Eyes,Vibrant Autumn Woods,Ocean Charcoal & Yellow,Crystalline Starfish Floater
Orbiting Levitating Swords of the Ancients,Cute with Side Eye,Foggy Toy Room,Forest Olive & Rust,Clockwork Forest Sprite
Organic Floating Eyes in Motion,Proud with Tear Drops,Foggy Temple,Cyberpunk Lavender & Mint,Flaming Magic Orb
Holographic Floating Lanterns with Sparks,Cute with Raised Eyebrow,Cyberpunk Clouds,Cosmic Gold & Purple,Astral Mecha-Cat
Mechanical Gear Clusters in Zero Gravity,Crazy with Side Eye,Neon Floating Islands,Tropical Gold & Purple,Ethereal Clockwork Bird
Celestial Shadow Tendrils and Stardust,Disgusted with Sparkle Eyes,Vibrant Crystals,Desert Ruby & Ivory,Toxic Plasma Jellyfish
Quantum Bubble Clusters pulsing with Energy,Smirking with Sparkle Eyes,Pastel Temple,Desert Gold & Purple,Toxic Energy Wolf
Divine Crystal Shards in Motion,Grumpy with Star Pupils,Soft Focus Autumn Woods,Candy Crimson & Black,Neon Starfish Floater
Lunar Storm Clouds of the Ancients,Embarrassed with Star Pupils,Retro 80s Floating Islands,Vaporwave Ruby & Ivory,Flaming Mecha-Cat
Prismatic Galaxy Fragments emitting Aura,Crazy with Drool,Neon Toy Room,Desert Amethyst & Lime,Glitching Ice Owl
Steampunk Dragons and Stardust,Crying with Open Mouth,Pastel Clouds,Earth Teal & Orange,Ethereal Cloud Spirit
Spectral Orbital Satellites in Motion,Laughing with Glowing Eyes,Neon Summer Beach,Glacial Cyan & Magenta,Void Forest Sprite
Plasma Floating Lanterns in Zero Gravity,Confused with Star Pupils,Dark Ice Cave,Dawn Lavender & Mint,Glitching Holo-Dog
Arcane Magic Portals of the Ancients,Crazy with Glowing Eyes,Ethereal Castle,Twilight Emerald & Silver,Astral Nebula Whale
Holographic Floating Masks pulsing with Energy,Mischievous with Heart Eyes,Foggy Mountain Peak,Neon Charcoal & Yellow,Flaming Plasma Jellyfish
Abyssal Butterflies with Sparks,Curious with Evil Laugh,Dark Underwater,Gothic Olive & Rust,Crystalline Mecha-Cat
Volcanic Thunderbolts with Sparks,Angry with Sparkle Eyes,Pastel Toy Room,Retro Mint & Pink,Radiant Starfish Floater
Volcanic Musical Notes pulsing with Energy,Joyful with Evil Laugh,Vibrant Dream World,Tropical Indigo & Peach,Holy Pixel Fairy
Abyssal Glowing Vines pulsing with Energy,Disgusted with Drool,Pastel Alien Planet,Dream Sapphire & Bronze,Electric Cloud Spirit
Gilded Volcanic Rocks with Glitch Effect,Shocked with Side Eye,Monochrome Desert,Neon Coral & Navy,Radiant Ice Owl
Orbiting Crystal Shards pulsing with Energy,Surprised with Blushing Cheeks,Neon Winter Wonderland,Warm Cyan & Magenta,Clockwork Ghost Pet
Aether Ghost Companions with Trailing Smoke,Dreamy with Open Mouth,Cyberpunk Castle,Cold Olive & Rust,Ethereal Magic Orb
Glitch Bubble Clusters emitting Aura,Embarrassed with Wide Grin,Sunlit Dream World,Earth Gold & Purple,Toxic Mana Wisp
Ethereal Origami Birds in Motion,Evil with Blushing Cheeks,Neon Ancient Ruins,Gothic Teal & Orange,Holy Ancient Guardian
Neon Light Beams pulsing with Energy,Mischievous with Gritted Teeth,Starry Ice Cave,Ethereal Amethyst & Lime,Toxic Mecha-Cat
Cybernetic Storm Clouds and Neon Glow,Sad with Heart Eyes,High Contrast Winter Wonderland,Synthwave Charcoal & Yellow,Clockwork Robot Assistant
Cursed Shadow Tendrils and Neon Glow,Smirking with Tear Drops,Vibrant Winter Wonderland,Festival Gold & Purple,Holy Plasma Jellyfish
Cursed Gear Clusters emitting Aura,Evil with Heart Eyes,Gradient Candy Land,Glacial Crimson & Black,Glitching Aura Elemental
Solar Magic Circles with Glitch Effect,Confused with Open Mouth,Sunlit Temple,Twilight Mint & Pink,Astral Cloud Spirit
Abyssal Crystal Shards of the Ancients,Disgusted with Tongue Out,Retro 80s Summer Beach,Sunset Mint & Pink,Astral Pixel Fairy
Gilded Magic Portals with Glitch Effect,Zoned Out with Glowing Eyes,Synthwave Winter Wonderland,Gothic Indigo & Peach,Shadowy Mana Wisp
Toxic Levitating Swords in Zero Gravity,Awkward with Heart Eyes,Sunlit Festival,Dawn Amethyst & Lime,Holy Nebula Whale
Gilded Ancient Runes and Neon Glow,Confused with Pursed Lips,High Contrast Clouds,Luxury Rose & Slate,Toxic Clockwork Bird
Arcane Dragons with Trailing Smoke,Angry with Drool,Gradient Space,Festival Olive & Rust,Electric Magic Orb
Aether Ancient Runes in Zero Gravity,Embarrassed with Gritted Teeth,Glitchy Underwater,Warm Indigo & Peach,Radiant Magic Orb
Arcane Crystal Shards pulsing with Energy,Hypnotized with Cheek Puff,Neon Haunted Graveyard,Desert Teal & Orange,Flaming Mini Kraken
Ethereal Light Beams in Motion,Grumpy with Sparkle Eyes,Soft Focus Forest,Twilight Coral & Navy,Electric Holo-Dog
Quantum Floating Masks with Sparks,Sad with Wide Grin,Moonlit Crystals,Luxury Coral & Navy,Electric Plasma Jellyfish
Mechanical Magic Circles with Glitch Effect,Excited with Drool,Starry Pixel Room,Dream Amethyst & Lime,Glitching Fire Fox
Solar Magic Portals of the Ancients,Awkward with Wide Grin,Gradient Alien Planet,Midnight Coral & Navy,Crystalline Cloud Spirit
Cursed Swirling Leaves in Zero Gravity,Serious with Gritted Teeth,Cyberpunk Minimal,Earth Amethyst & Lime,Freezing Energy Wolf
Mystic Books with Trailing Smoke,Laughing with Star Pupils,High Contrast Haunted Graveyard,Gothic Lavender & Mint,Ethereal Aura Elemental
Glitch Storm Clouds in Motion,Evil with Tongue Out,Retro 80s Clouds,Neon Rose & Slate,Void Ghost Pet
Infernal Galaxy Fragments emitting Aura,Proud with Evil Laugh,Soft Focus Ice Cave,Dream Rose & Slate,Prismatic Fire Fox
Cybernetic Levitating Swords in Motion,Curious with Side Eye,Foggy Autumn Woods,Ethereal Mustard & Plum,Flaming Clockwork Bird
Plasma Gear Clusters in Zero Gravity,Disgusted with Blushing Cheeks,Glitchy Mountain Peak,Pastel Gold & Purple,Holy Mana Wisp
Cybernetic Swarm of Fireflies of the Ancients,Confused with Cheek Puff,Dark Alien Planet,Warm Sapphire & Bronze,Shadowy Magic Orb
Celestial Light Beams in Motion,Smirking with Star Pupils,Gradient Castle,Candy Mustard & Plum,Freezing Clockwork Bird
Divine Robot Drones with Glitch Effect,Sleepy with Side Eye,Starry Fantasy,Midnight Amethyst & Lime,Crystalline Floating Lantern
Aether Storm Clouds with Trailing Smoke,Serious with Sparkle Eyes,Synthwave Pixel Room,Comic Rose & Slate,Neon Energy Wolf
Divine Magic Portals pulsing with Energy,Embarrassed with Cheek Puff,Synthwave Technology,Neon Amethyst & Lime,Electric Gargoyle Hatchling
Mechanical Floating Eyes of the Ancients,Joyful with Cheek Puff,Sunlit Summer Beach,Vaporwave Crimson & Black,Astral Floating Lantern
Orbiting Swirling Leaves pulsing with Energy,Panic with Gritted Teeth,Sunlit Floating Islands,Luxury Mustard & Plum,Prismatic Forest Sprite
Crystalline Gear Clusters in Zero Gravity,Happy with Raised Eyebrow,Vibrant Volcano,Warm Ruby & Ivory,Flaming Robot Assistant
Plasma Volcanic Rocks and Stardust,Curious with Raised Eyebrow,Glitchy Ice Cave,Forest Charcoal & Yellow,Toxic Cloud Spirit
Gilded Ice Spikes pulsing with Energy,Sad with Cheek Puff,Glitchy Alien Planet,Glacial Mustard & Plum,Neon Butterfly Swarm
Gilded Floating Masks and Stardust,Sad with Tongue Out,Ethereal Alien Planet,Cyberpunk Olive & Rust,Ethereal Butterfly Swarm
Prismatic Swarm of Fireflies and Neon Glow,Curious with Tongue Out,Retro 80s Neon,Synthwave Mustard & Plum,Glitching Energy Wolf
Infernal Robot Drones with Sparks,Scared with Tongue Out,High Contrast Abstract,Dawn Crimson & Black,Ethereal Crystal Snake
Toxic Shadow Tendrils of the Ancients,Sad with Open Mouth,Cyberpunk Magic,Synthwave Emerald & Silver,Freezing Robot Assistant
Prismatic Ghost Companions with Sparks,Curious with Open Mouth,Neon Castle,Dawn Rose & Slate,Void Cloud Spirit
Spectral Origami Birds in Motion,Happy with Pursed Lips,Dark Deep Abyss,Luxury Charcoal & Yellow,Void Starfish Floater
Divine Musical Notes with Trailing Smoke,Cute with Evil Laugh,Soft Focus Fantasy,Royal Lavender & Mint,Flaming Ghost Pet
Quantum Glowing Vines emitting Aura,Determined with Tongue Out,Retro 80s Abstract,Ethereal Olive & Rust,Flaming Mini Dragon
Quantum Ghost Companions with Trailing Smoke,Mischievous with Side Eye,Sunlit Magic,Earth Indigo & Peach,Prismatic Living Shadow
Abyssal Gear Clusters in Motion,Joyful with Drool,Cyberpunk Cyber City,Royal Crimson & Black,Radiant Cloud Spirit
Celestial Levitating Swords with Trailing Smoke,Smirking with Glowing Eyes,Gradient Clouds,Volcanic Mustard & Plum,Holy Forest Sprite
Aether Orbital Satellites and Stardust,Mischievous with Pursed Lips,Glitchy Dream World,Royal Charcoal & Yellow,Flaming Starfish Floater
Spectral Bubble Clusters of the Ancients,Serious with Cheek Puff,Retro 80s Galaxy,Tropical Olive & Rust,Clockwork Energy Wolf
Aether Gear Clusters in Zero Gravity,Heroic with Heart Eyes,Synthwave Volcano,Cosmic Sapphire & Bronze,Prismatic Phoenix Spirit
Volcanic Floating Masks with Trailing Smoke,Crazy with Raised Eyebrow,Sunlit Castle,Twilight Sapphire & Bronze,Neon Fire Fox
Blessed Energy Rings of the Ancients,Dreamy with Cheek Puff,Glitchy Forest,Royal Ruby & Ivory,Astral Gargoyle Hatchling
Neon Mini Castles in Motion,Curious with Wide Grin,Monochrome Castle,Cosmic Lavender & Mint,Electric Fire Fox
Organic Musical Notes with Trailing Smoke,Smirking with Cheek Puff,Moonlit Alien Planet,Glacial Charcoal & Yellow,Flaming Phoenix Spirit
Blessed Floating Masks of the Ancients,Focused with Side Eye,Dark Space,Twilight Ruby & Ivory,Ethereal Phoenix Spirit
Mechanical Crystal Shards in Motion,Serious with Tear Drops,Monochrome Aurora,Festival Sapphire & Bronze,Electric Mini Dragon
Mechanical Bubble Clusters pulsing with Energy,Worried with Tear Drops,Soft Focus Neon,Warm Crimson & Black,Neon Cloud Spirit
Abyssal Floating Lanterns emitting Aura,Mischievous with Star Pupils,Pastel Ice Cave,Comic Crimson & Black,Neon Gargoyle Hatchling
Neon Shadow Tendrils in Zero Gravity,Scared with Open Mouth,Soft Focus Abstract,Cyberpunk Amethyst & Lime,Neon Holo-Dog
Aether Floating Lanterns and Neon Glow,Panic with Glowing Eyes,Synthwave Ancient Ruins,Midnight Gold & Purple,Neon Floating Lantern
Clockwork Robot Drones in Zero Gravity,Curious with Gritted Teeth,Neon Candy Land,Tropical Mustard & Plum,Clockwork Mecha-Cat
Lunar Ghost Companions emitting Aura,Dreamy with Gritted Teeth,Retro 80s Toy Room,Midnight Rose & Slate,Radiant Butterfly Swarm
Cursed Books emitting Aura,Laughing with Blushing Cheeks,Monochrome Alien Planet,Royal Mint & Pink,Glitching Mini Dragon
Orbiting Gear Clusters with Glitch Effect,Focused with Blushing Cheeks,Pastel Summer Beach,Tropical Lavender & Mint,Shadowy Robot Assistant
Prismatic Swirling Leaves with Glitch Effect,Dreamy with Heart Eyes,High Contrast Steampunk Factory,Gothic Mustard & Plum,Clockwork Ice Owl
Aether Bubble Clusters with Trailing Smoke,Happy with Wide Grin,Pastel Haunted Graveyard,Forest Crimson & Black,Void Butterfly Swarm
Ethereal Shadow Tendrils in Zero Gravity,Panic with Tongue Out,Synthwave Steampunk Factory,Sunset Gold & Purple,Crystalline Mini Kraken
Lunar Origami Birds of the Ancients,Laughing with Tear Drops,Vibrant Magic,Vaporwave Mint & Pink,Glitching Ghost Pet
Blessed Levitating Swords pulsing with Energy,Hypnotized with Blushing Cheeks,Neon Aurora,Vaporwave Gold & Purple,Crystalline Ancient Guardian
Abyssal Ice Spikes and Neon Glow,Serious with Evil Laugh,Gradient Summer Beach,Glacial Emerald & Silver,Prismatic Gargoyle Hatchling
Mystic Mini Castles with Glitch Effect,Zoned Out with Wide Grin,Gradient Floating Islands,Vaporwave Charcoal & Yellow,Freezing Mana Wisp
Mechanical Ghost Companions pulsing with Energy,Laughing with Drool,Gradient Autumn Woods,Volcanic Sapphire & Bronze,Crystalline Holo-Dog
Holographic Mini Castles in Zero Gravity,Excited with Pursed Lips,Retro 80s Magic,Synthwave Indigo & Peach,Prismatic Ice Owl
Steampunk Gear Clusters with Sparks,Angry with Tongue Out,Glitchy Clouds,Midnight Emerald & Silver,Toxic Ghost Pet
Cursed Ice Spikes and Stardust,Joyful with Pursed Lips,Glitchy Castle,Warm Emerald & Silver,Radiant Floating Lantern
Steampunk Swirling Leaves and Stardust,Disgusted with Star Pupils,Cyberpunk Volcano,Pastel Indigo & Peach,Shadowy Ancient Guardian
Aether Shadow Tendrils pulsing with Energy,Serious with Pursed Lips,Dark Dream World,Retro Amethyst & Lime,Clockwork Phoenix Spirit
Arcane Swirling Leaves pulsing with Energy,Zoned Out with Open Mouth,Neon Temple,Forest Mustard & Plum,Electric Pixel Fairy
Crystalline Mini Castles with Glitch Effect,Happy with Gritted Teeth,Vibrant Temple,Dream Teal & Orange,Holy Ghost Pet
Holographic Swarm of Fireflies in Zero Gravity,Shocked with Blushing Cheeks,High Contrast Desert,Earth Lavender & Mint,Crystalline Mini Dragon
Prismatic Volcanic Rocks pulsing with Energy,Dreamy with Evil Laugh,Pastel Space,Gothic Mint & Pink,Electric Robot Assistant
Volcanic Floating Eyes of the Ancients,Disgusted with Glowing Eyes,Sunlit Clouds,Festival Cyan & Magenta,Radiant Energy Wolf
Quantum Shadow Tendrils and Stardust,Happy with Tongue Out,Ethereal Mountain Peak,Desert Mint & Pink,Radiant Mini Kraken
Volcanic Light Beams in Motion,Surprised with Raised Eyebrow,Synthwave Forest,Retro Sapphire & Bronze,Neon Crystal Snake
Spectral Galaxy Fragments and Stardust,Excited with Tear Drops,Foggy Winter Wonderland,Sunset Crimson & Black,Radiant Pixel Fairy
Crystalline Books in Zero Gravity,Excited with Glowing Eyes,Sunlit Candy Land,Neon Indigo & Peach,Toxic Pixel Fairy
Prismatic Galaxy Fragments with Glitch Effect,Curious with Drool,Gradient Crystals,Dream Charcoal & Yellow,Shadowy Mini Kraken
Holographic Volcanic Rocks with Trailing Smoke,Focused with Raised Eyebrow,Ethereal Magic,Comic Indigo & Peach,Astral Ancient Guardian
Aether Books with Glitch Effect,Confused with Gritted Teeth,Ethereal Floating Islands,Vaporwave Indigo & Peach,Ethereal Energy Wolf
Galactic Ice Spikes in Motion,Angry with Cheek Puff,Foggy Alien Planet,Earth Ruby & Ivory,Toxic Gargoyle Hatchling
Blessed Thunderbolts pulsing with Energy,Determined with Sparkle Eyes,Glitchy Summer Beach,Royal Teal & Orange,Freezing Nebula Whale
Crystalline Storm Clouds with Glitch Effect,Hypnotized with Gritted Teeth,Moonlit Technology,Luxury Ruby & Ivory,Freezing Magic Orb
Mystic Data Streams in Motion,Disgusted with Tear Drops,Foggy Fantasy,Luxury Mint & Pink,Astral Forest Sprite
Toxic Swirling Leaves and Stardust,Surprised with Drool,Moonlit Mountain Peak,Midnight Cyan & Magenta,Shadowy Mini Dragon
Clockwork Bubble Clusters with Trailing Smoke,Embarrassed with Side Eye,Moonlit Steampunk Factory,Gothic Charcoal & Yellow,Astral Starfish Floater
Volcanic Swirling Leaves with Sparks,Awkward with Blushing Cheeks,Synthwave Cyber City,Synthwave Cyan & Magenta,Radiant Gargoyle Hatchling
Ethereal Bubble Clusters with Glitch Effect,Crying with Glowing Eyes,Gradient Technology,Ocean Coral & Navy,Crystalline Living Shadow
Mystic Robot Drones and Stardust,Smirking with Side Eye,Glitchy Fantasy,Twilight Cyan & Magenta,
Cybernetic Floating Lanterns pulsing with Energy,Panic with Open Mouth,Cyberpunk Neon,Ocean Rose & Slate,
Lunar Glowing Vines in Zero Gravity,Heroic with Pursed Lips,Dark Neon,Twilight Mustard & Plum,
Abyssal Crystal Shards with Glitch Effect,Serious with Wide Grin,Soft Focus Underwater,Pastel Mustard & Plum,
Aether Musical Notes in Motion,Mischievous with Raised Eyebrow,Pastel Cyber City,Dawn Gold & Purple,
Ethereal Bubble Clusters pulsing with Energy,Proud with Open Mouth,Starry Festival,Volcanic Gold & Purple,
Glitch Floating Eyes and Stardust,Awkward with Side Eye,High Contrast Festival,Vaporwave Rose & Slate,
Plasma Swarm of Fireflies and Stardust,Joyful with Blushing Cheeks,Ethereal Candy Land,Desert Olive & Rust,
Steampunk Bubble Clusters in Zero Gravity,Zoned Out with Drool,Soft Focus Clouds,Ethereal Cyan & Magenta,
Clockwork Energy Rings pulsing with Energy,Surprised with Heart Eyes,Retro 80s Ancient Ruins,Candy Lavender & Mint,
Holographic Crystal Shards in Motion,Sad with Gritted Teeth,Glitchy Winter Wonderland,Sunset Amethyst & Lime,
Galactic Robot Drones with Glitch Effect,Angry with Star Pupils,Synthwave Summer Beach,Dawn Cyan & Magenta,
Ethereal Ancient Runes and Stardust,Joyful with Gritted Teeth,Neon Steampunk Factory,Festival Indigo & Peach,
Arcane Ghost Companions with Glitch Effect,Determined with Cheek Puff,Pastel Forest,Desert Mustard & Plum,
Aether Glowing Vines of the Ancients,Crying with Tear Drops,Soft Focus Magic,Synthwave Lavender & Mint,
Ethereal Books and Neon Glow,Crazy with Tongue Out,Gradient Desert,Retro Charcoal & Yellow,
Neon Floating Eyes with Glitch Effect,Sleepy with Star Pupils,Foggy Castle,Festival Rose & Slate,
Mystic Crystal Shards emitting Aura,Determined with Evil Laugh,Synthwave Ice Cave,Cold Crimson & Black,
Crystalline Crystal Shards in Zero Gravity,Disgusted with Evil Laugh,Synthwave Haunted Graveyard,Cold Rose & Slate,
Plasma Bubble Clusters in Zero Gravity,Determined with Blushing Cheeks,Soft Focus Mountain Peak,Cold Indigo & Peach,
Solar Butterflies with Glitch Effect,Disgusted with Raised Eyebrow,Soft Focus Temple,Luxury Gold & Purple,
Infernal Orbital Satellites with Trailing Smoke,Worried with Heart Eyes,Moonlit Deep Abyss,Luxury Lavender & Mint,
Toxic Floating Eyes and Neon Glow,Laughing with Open Mouth,Dark Galaxy,Cyberpunk Charcoal & Yellow,
Mechanical Gear Clusters and Stardust,Curious with Cheek Puff,Starry Forest,Glacial Sapphire & Bronze,
Volcanic Levitating Swords and Neon Glow,Excited with Gritted Teeth,Monochrome Technology,Cold Amethyst & Lime,
Glitch Swirling Leaves in Zero Gravity,Smirking with Raised Eyebrow,Starry Dream World,Cold Ruby & Ivory,
Cursed Ancient Runes with Sparks,Heroic with Sparkle Eyes,Ethereal Crystals,Candy Teal & Orange,
Steampunk Galaxy Fragments with Trailing Smoke,Surprised with Tongue Out,Soft Focus Castle,Glacial Rose & Slate,
Blessed Gear Clusters and Stardust,Awkward with Raised Eyebrow,Retro 80s Steampunk Factory,Forest Cyan & Magenta,
Neon Robot Drones emitting Aura,Mischievous with Tongue Out,Neon Ice Cave,Comic Mustard & Plum,
Solar Dragons and Neon Glow,Cute with Drool,Sunlit Fantasy,Glacial Ruby & Ivory,
Prismatic Gear Clusters pulsing with Energy,Sad with Drool,Monochrome Haunted Graveyard,Volcanic Crimson & Black,
Cybernetic Glowing Vines and Neon Glow,Evil with Cheek Puff,Moonlit Pixel Room,Royal Gold & Purple,
Plasma Floating Masks and Neon Glow,Dreamy with Side Eye,Gradient Galaxy,Retro Cyan & Magenta,
Volcanic Crystal Shards in Motion,Sleepy with Heart Eyes,Monochrome Ice Cave,Ocean Indigo & Peach,
Mechanical Floating Lanterns emitting Aura,Grumpy with Glowing Eyes,Sunlit Deep Abyss,Ocean Emerald & Silver,
Crystalline Volcanic Rocks and Neon Glow,Focused with Cheek Puff,Gradient Dream World,Forest Teal & Orange,
Neon Galaxy Fragments in Zero Gravity,Cute with Tear Drops,Monochrome Steampunk Factory,Gothic Crimson & Black,
Celestial Storm Clouds in Motion,Shocked with Sparkle Eyes,Sunlit Mountain Peak,Royal Rose & Slate,
Abyssal Galaxy Fragments and Neon Glow,Sleepy with Raised Eyebrow,Synthwave Neon,Ocean Sapphire & Bronze,
Blessed Storm Clouds emitting Aura,Angry with Raised Eyebrow,Starry Clouds,Vaporwave Teal & Orange,
Celestial Swarm of Fireflies in Motion,Cute with Tongue Out,Retro 80s Deep Abyss,Volcanic Lavender & Mint,
Mechanical Butterflies pulsing with Energy,Shocked with Tongue Out,Sunlit Galaxy,Ocean Cyan & Magenta,
Glitch Origami Birds in Zero Gravity,Focused with Heart Eyes,Starry Summer Beach,Dawn Sapphire & Bronze,
Prismatic Books with Glitch Effect,Evil with Gritted Teeth,Dark Haunted Graveyard,Pastel Crimson & Black,
Mystic Butterflies emitting Aura,Smirking with Pursed Lips,Starry Winter Wonderland,Warm Amethyst & Lime,
Lunar Ancient Runes in Zero Gravity,Cute with Cheek Puff,Vibrant Mountain Peak,Cyberpunk Indigo & Peach,
Organic Ghost Companions in Zero Gravity,Smirking with Gritted Teeth,Monochrome Winter Wonderland,Luxury Crimson & Black,
Crystalline Orbital Satellites pulsing with Energy,Embarrassed with Sparkle Eyes,Retro 80s Castle,Glacial Teal & Orange,
Cybernetic Volcanic Rocks and Stardust,Crazy with Open Mouth,High Contrast Toy Room,Midnight Lavender & Mint,
Crystalline Musical Notes with Glitch Effect,Focused with Star Pupils,Moonlit Forest,Dream Cyan & Magenta,
Arcane Gear Clusters in Motion,Shocked with Gritted Teeth,Glitchy Desert,Comic Teal & Orange,
Galactic Mini Castles pulsing with Energy,Awkward with Tongue Out,Pastel Steampunk Factory,Synthwave Olive & Rust,
Quantum Light Beams in Motion,Dreamy with Blushing Cheeks,Gradient Winter Wonderland,Retro Lavender & Mint,
Floating Floating Masks pulsing with Energy,Happy with Heart Eyes,Foggy Haunted Graveyard,Desert Crimson & Black,
Celestial Data Streams and Stardust,Evil with Star Pupils,High Contrast Alien Planet,Volcanic Mint & Pink,
Infernal Ancient Runes with Sparks,Evil with Wide Grin,Starry Ancient Ruins,Cold Emerald & Silver,
Ethereal Books in Motion,Surprised with Tear Drops,Neon Desert,Cosmic Teal & Orange,
Clockwork Butterflies with Trailing Smoke,Surprised with Open Mouth,Monochrome Comic Speed Lines,Retro Teal & Orange,
Floating Floating Eyes of the Ancients,Mischievous with Drool,High Contrast Minimal,Earth Emerald & Silver,
Floating Magic Portals of the Ancients,Worried with Wide Grin,Moonlit Volcano,Candy Mint & Pink,
Crystalline Bubble Clusters with Trailing Smoke,Worried with Open Mouth,Neon Clouds,Cold Coral & Navy,
Neon Swarm of Fireflies pulsing with Energy,Embarrassed with Blushing Cheeks,Monochrome Summer Beach,Glacial Coral & Navy,
Gilded Storm Clouds with Trailing Smoke,Heroic with Raised Eyebrow,Soft Focus Minimal,Volcanic Amethyst & Lime,
Holographic Storm Clouds with Sparks,Laughing with Pursed Lips,Foggy Comic Speed Lines,Earth Coral & Navy,
Clockwork Dragons and Stardust,Crying with Cheek Puff,Neon Volcano,Tropical Rose & Slate,
Volcanic Thunderbolts in Zero Gravity,Crying with Tongue Out,High Contrast Comic Speed Lines,Luxury Olive & Rust,
Cybernetic Storm Clouds pulsing with Energy,Sad with Raised Eyebrow,Dark Desert,Synthwave Ruby & Ivory,
Solar Orbital Satellites with Glitch Effect,Panic with Star Pupils,Starry Deep Abyss,Dawn Teal & Orange,
Neon Dragons pulsing with Energy,Evil with Pursed Lips,Starry Technology,Forest Sapphire & Bronze,
Volcanic Mini Castles with Glitch Effect,Evil with Glowing Eyes,Ethereal Toy Room,Cosmic Ruby & Ivory,
Orbiting Butterflies in Zero Gravity,Heroic with Blushing Cheeks,Moonlit Candy Land,Dream Crimson & Black,
Cursed Swarm of Fireflies pulsing with Energy,Panic with Wide Grin,Sunlit Comic Speed Lines,Comic Amethyst & Lime,
Holographic Mini Castles emitting Aura,Evil with Drool,High Contrast Mountain Peak,Volcanic Rose & Slate,
Organic Musical Notes with Sparks,Laughing with Sparkle Eyes,Synthwave Galaxy,Candy Olive & Rust,
Floating Thunderbolts of the Ancients,Focused with Open Mouth,Monochrome Pixel Room,Earth Rose & Slate,
Solar Origami Birds pulsing with Energy,Joyful with Tear Drops,Retro 80s Volcano,Forest Indigo & Peach,
Aether Levitating Swords in Motion,Embarrassed with Raised Eyebrow,Glitchy Crystals,Midnight Ruby & Ivory,
Divine Crystal Shards and Stardust,Excited with Cheek Puff,High Contrast Fantasy,Cosmic Mint & Pink,
Organic Planets in Zero Gravity,Sleepy with Evil Laugh,Pastel Deep Abyss,Festival Mint & Pink,
Holographic Storm Clouds of the Ancients,Confused with Tongue Out,Glitchy Comic Speed Lines,Cosmic Crimson & Black,
Mystic Butterflies and Neon Glow,Zoned Out with Tongue Out,Vibrant Floating Islands,Ocean Olive & Rust,
Orbiting Galaxy Fragments and Neon Glow,Grumpy with Cheek Puff,Dark Magic,Neon Sapphire & Bronze,
Quantum Swirling Leaves and Stardust,Grumpy with Open Mouth,Starry Alien Planet,Cosmic Coral & Navy,
Organic Swarm of Fireflies with Sparks,Panic with Cheek Puff,Retro 80s Crystals,Festival Teal & Orange,
Orbiting Shadow Tendrils and Stardust,Worried with Side Eye,Synthwave Comic Speed Lines,Vaporwave Mustard & Plum,
Lunar Gear Clusters with Trailing Smoke,Curious with Pursed Lips,Monochrome Underwater,Luxury Cyan & Magenta,
Celestial Planets and Neon Glow,Cute with Blushing Cheeks,Retro 80s Cyber City,Midnight Crimson & Black,
Floating Storm Clouds pulsing with Energy,Worried with Raised Eyebrow,Glitchy Minimal,Dawn Mint & Pink,
Celestial Butterflies in Motion,Confused with Drool,Ethereal Steampunk Factory,Dream Olive & Rust,
Mechanical Thunderbolts and Neon Glow,Heroic with Tear Drops,Dark Fantasy,Pastel Sapphire & Bronze,
Divine Floating Eyes with Sparks,Surprised with Pursed Lips,Moonlit Desert,Sunset Olive & Rust,
Plasma Swirling Leaves with Trailing Smoke,Zoned Out with Blushing Cheeks,Cyberpunk Aurora,Cyberpunk Sapphire & Bronze,
Crystalline Robot Drones pulsing with Energy,Focused with Wide Grin,High Contrast Aurora,Tropical Coral & Navy,
Neon Volcanic Rocks and Neon Glow,Sleepy with Tear Drops,Pastel Volcano,Comic Charcoal & Yellow,
Holographic Ancient Runes with Glitch Effect,Zoned Out with Evil Laugh,Gradient Ancient Ruins,Luxury Teal & Orange,
Volcanic Dragons and Stardust,Scared with Pursed Lips,Neon Dream World,Neon Lavender & Mint,
Gilded Musical Notes and Stardust,Joyful with Tongue Out,Monochrome Clouds,Cyberpunk Mustard & Plum,
Gilded Gear Clusters of the Ancients,Zoned Out with Heart Eyes,Ethereal Volcano,Forest Lavender & Mint,
Mechanical Robot Drones in Zero Gravity,Focused with Tongue Out,Gradient Neon,Volcanic Coral & Navy,
Volcanic Floating Masks pulsing with Energy,Joyful with Open Mouth,Foggy Dream World,,
Prismatic Ice Spikes and Stardust,Dreamy with Drool,Sunlit Ancient Ruins,,
Organic Robot Drones pulsing with Energy,Proud with Tongue Out,Dark Technology,,
Infernal Energy Rings and Neon Glow,Zoned Out with Side Eye,Starry Castle,,
Galactic Mini Castles in Motion,Panic with Sparkle Eyes,Soft Focus Alien Planet,,
Clockwork Magic Portals of the Ancients,Zoned Out with Sparkle Eyes,Vibrant Clouds,,
Organic Mini Castles with Glitch Effect,Hypnotized with Drool,Gradient Magic,,
Organic Mini Castles and Stardust,Zoned Out with Star Pupils,Moonlit Comic Speed Lines,,
Volcanic Origami Birds and Neon Glow,Hypnotized with Evil Laugh,Soft Focus Crystals,,
Ethereal Robot Drones in Motion,Confused with Heart Eyes,Foggy Underwater,,
Infernal Thunderbolts emitting Aura,Dreamy with Sparkle Eyes,Ethereal Dream World,,
Ethereal Magic Circles in Zero Gravity,Crazy with Evil Laugh,Starry Magic,,
Mystic Gear Clusters with Trailing Smoke,Angry with Pursed Lips,High Contrast Temple,,
Divine Volcanic Rocks and Stardust,Disgusted with Wide Grin,Gradient Haunted Graveyard,,
Lunar Dragons and Neon Glow,Proud with Blushing Cheeks,Foggy Cyber City,,
Quantum Floating Lanterns with Sparks,Hypnotized with Glowing Eyes,Retro 80s Space,,
Abyssal Magic Portals and Neon Glow,Scared with Wide Grin,Synthwave Temple,,
Prismatic Butterflies with Sparks,Awkward with Sparkle Eyes,Vibrant Space,,
Mystic Butterflies and Stardust,Excited with Side Eye,Ethereal Festival,,
Blessed Magic Portals of the Ancients,Worried with Star Pupils,Neon Deep Abyss,,
Cybernetic Orbital Satellites with Sparks,Sleepy with Glowing Eyes,Moonlit Minimal,,
Mystic Shadow Tendrils and Stardust,Happy with Sparkle Eyes,Vibrant Steampunk Factory,,
Holographic Books and Neon Glow,Crazy with Star Pupils,Ethereal Clouds,,
Lunar Crystal Shards in Zero Gravity,Angry with Evil Laugh,Vibrant Underwater,,
Arcane Thunderbolts in Motion,Sleepy with Open Mouth,Synthwave Toy Room,,
Holographic Bubble Clusters with Sparks,Sleepy with Gritted Teeth,Pastel Neon,,
Toxic Crystal Shards of the Ancients,Scared with Cheek Puff,Ethereal Technology,,
Quantum Ice Spikes in Motion,Serious with Glowing Eyes,Sunlit Crystals,,
Cybernetic Swirling Leaves and Neon Glow,Joyful with Side Eye,Cyberpunk Alien Planet,,
Mechanical Planets and Neon Glow,Embarrassed with Evil Laugh,Dark Temple,,
Mechanical Glowing Vines emitting Aura,Sleepy with Wide Grin,Gradient Festival,,
Spectral Swarm of Fireflies of the Ancients,Worried with Drool,Foggy Candy Land,,
Spectral Floating Eyes with Sparks,Confused with Blushing Cheeks,Synthwave Alien Planet,,
Steampunk Mini Castles emitting Aura,Laughing with Evil Laugh,Retro 80s Pixel Room,,
Solar Floating Masks in Motion,Determined with Raised Eyebrow,Monochrome Toy Room,,
Gilded Volcanic Rocks and Stardust,Dreamy with Star Pupils,Glitchy Volcano,,
Ethereal Swirling Leaves in Zero Gravity,Sad with Blushing Cheeks,Vibrant Fantasy,,
Organic Magic Portals and Neon Glow,Zoned Out with Tear Drops,Ethereal Deep Abyss,,
Glitch Ice Spikes of the Ancients,Crying with Heart Eyes,Starry Desert,,
Divine Butterflies emitting Aura,Worried with Glowing Eyes,Dark Autumn Woods,,
Infernal Ancient Runes and Neon Glow,Proud with Side Eye,Ethereal Ancient Ruins,,
Gilded Data Streams in Motion,Sad with Side Eye,Retro 80s Dream World,,
Solar Shadow Tendrils with Glitch Effect,Curious with Sparkle Eyes,Cyberpunk Candy Land,,
Volcanic Floating Eyes with Glitch Effect,Cute with Open Mouth,Moonlit Ice Cave,,
Steampunk Floating Eyes with Trailing Smoke,Determined with Heart Eyes,Retro 80s Minimal,,
Abyssal Dragons in Zero Gravity,Happy with Evil Laugh,Dark Volcano,,
Plasma Volcanic Rocks with Glitch Effect,Scared with Gritted Teeth,Vibrant Alien Planet,,
Abyssal Storm Clouds with Sparks,Joyful with Heart Eyes,Synthwave Floating Islands,,
Glitch Butterflies of the Ancients,Grumpy with Gritted Teeth,Cyberpunk Abstract,,
Quantum Ghost Companions with Sparks,Focused with Drool,Monochrome Magic,,
Volcanic Glowing Vines and Stardust,Sad with Evil Laugh,Dark Summer Beach,,
Organic Magic Portals in Motion,Dreamy with Tongue Out,Synthwave Desert,,
Quantum Galaxy Fragments and Neon Glow,Determined with Wide Grin,Neon Mountain Peak,,
Quantum Data Streams with Sparks,Proud with Wide Grin,Retro 80s Autumn Woods,,
Floating Light Beams with Trailing Smoke,Smirking with Open Mouth,Cyberpunk Space,,
Glitch Ancient Runes with Sparks,Focused with Glowing Eyes,High Contrast Galaxy,,
Toxic Floating Lanterns and Stardust,Awkward with Gritted Teeth,Cyberpunk Crystals,,
Divine Floating Eyes emitting Aura,Hypnotized with Tear Drops,Synthwave Castle,,
Glitch Musical Notes with Glitch Effect,Joyful with Star Pupils,Pastel Underwater,,
Celestial Bubble Clusters with Sparks,Awkward with Open Mouth,Sunlit Cyber City,,
Spectral Crystal Shards emitting Aura,Proud with Gritted Teeth,Gradient Mountain Peak,,
Celestial Robot Drones with Sparks,Sad with Sparkle Eyes,Vibrant Summer Beach,,
Mechanical Mini Castles in Motion,Crazy with Wide Grin,Sunlit Neon,,
Toxic Mini Castles pulsing with Energy,Joyful with Sparkle Eyes,Soft Focus Winter Wonderland,,
Crystalline Bubble Clusters with Sparks,Hypnotized with Star Pupils,Cyberpunk Winter Wonderland,,
Aether Glowing Vines pulsing with Energy,Hypnotized with Sparkle Eyes,Ethereal Desert,,
Holographic Orbital Satellites in Zero Gravity,Determined with Pursed Lips,Vibrant Deep Abyss,,
Toxic Floating Eyes in Zero Gravity,Happy with Cheek Puff,High Contrast Autumn Woods,,
Solar Swirling Leaves with Glitch Effect,Confused with Sparkle Eyes,Moonlit Magic,,
Steampunk Galaxy Fragments emitting Aura,Excited with Open Mouth,Moonlit Temple,,
Galactic Magic Portals with Sparks,Focused with Sparkle Eyes,Pastel Autumn Woods,,
Blessed Glowing Vines with Trailing Smoke,Awkward with Drool,Dark Castle,,
Steampunk Floating Lanterns and Neon Glow,Mischievous with Sparkle Eyes,Pastel Fantasy,,
Divine Floating Masks in Motion,Proud with Heart Eyes,Synthwave Mountain Peak,,
Orbiting Origami Birds with Trailing Smoke,Cute with Pursed Lips,High Contrast Ancient Ruins,,
Crystalline Mini Castles and Stardust,Heroic with Cheek Puff,Vibrant Ice Cave,,
Divine Ice Spikes with Sparks,Grumpy with Heart Eyes,Glitchy Steampunk Factory,,
Prismatic Gear Clusters emitting Aura,Worried with Cheek Puff,Sunlit Minimal,,
Gilded Gear Clusters in Zero Gravity,Embarrassed with Glowing Eyes,Vibrant Technology,,
Plasma Light Beams emitting Aura,Determined with Star Pupils,Retro 80s Alien Planet,,
Glitch Volcanic Rocks and Stardust,Scared with Glowing Eyes,Neon Magic,,
Toxic Storm Clouds pulsing with Energy,Surprised with Gritted Teeth,Starry Minimal,,
Organic Ancient Runes with Sparks,Crying with Wide Grin,Soft Focus Deep Abyss,,
Clockwork Thunderbolts and Neon Glow,Confused with Evil Laugh,Dark Comic Speed Lines,,
Plasma Ancient Runes with Trailing Smoke,Serious with Side Eye,Cyberpunk Autumn Woods,,
Holographic Floating Lanterns with Glitch Effect,Serious with Blushing Cheeks,Cyberpunk Ancient Ruins,,
Blessed Origami Birds and Stardust,Angry with Side Eye,Synthwave Autumn Woods,,
Quantum Energy Rings of the Ancients,Smirking with Blushing Cheeks,High Contrast Underwater,,
Blessed Swirling Leaves with Glitch Effect,Determined with Tear Drops,Moonlit Floating Islands,,
Steampunk Levitating Swords of the Ancients,Embarrassed with Open Mouth,Dark Abstract,,
Lunar Gear Clusters and Stardust,Angry with Blushing Cheeks,Glitchy Autumn Woods,,
Glitch Swirling Leaves emitting Aura,Laughing with Cheek Puff,Ethereal Comic Speed Lines,,
Glitch Floating Masks and Stardust,Serious with Tongue Out,Soft Focus Technology,,
Mystic Galaxy Fragments pulsing with Energy,Embarrassed with Drool,Starry Galaxy,,
Holographic Energy Rings in Zero Gravity,Awkward with Tear Drops,Moonlit Galaxy,,
Celestial Ancient Runes of the Ancients,Crazy with Tear Drops,Sunlit Autumn Woods,,
Abyssal Butterflies with Glitch Effect,Scared with Raised Eyebrow,High Contrast Crystals,,
Abyssal Butterflies and Stardust,Dreamy with Tear Drops,Soft Focus Comic Speed Lines,,
Neon Mini Castles and Stardust,Sad with Star Pupils,Soft Focus Ancient Ruins,,
Mystic Light Beams with Glitch Effect,Grumpy with Raised Eyebrow,Starry Toy Room,,
Volcanic Glowing Vines with Sparks,,Pastel Desert,,
Clockwork Butterflies and Neon Glow,,Soft Focus Steampunk Factory,,
Volcanic Robot Drones and Stardust,,Pastel Aurora,,
Orbiting Data Streams with Glitch Effect,,Vibrant Ancient Ruins,,
Crystalline Levitating Swords with Sparks,,Sunlit Haunted Graveyard,,
Arcane Light Beams with Trailing Smoke,,High Contrast Magic,,
Cybernetic Glowing Vines pulsing with Energy,,Moonlit Underwater,,
Infernal Mini Castles and Neon Glow,,Starry Autumn Woods,,
Cybernetic Storm Clouds with Trailing Smoke,,Synthwave Underwater,,
Plasma Storm Clouds with Trailing Smoke,,Soft Focus Space,,
Galactic Shadow Tendrils of the Ancients,,Dark Candy Land,,
Quantum Ancient Runes and Stardust,,Foggy Space,,
Cursed Gear Clusters and Neon Glow,,Retro 80s Festival,,
Clockwork Floating Lanterns of the Ancients,,Glitchy Space,,
Aether Data Streams pulsing with Energy,,Starry Volcano,,
Mechanical Orbital Satellites with Glitch Effect,,Glitchy Ancient Ruins,,
Aether Energy Rings with Sparks,,Pastel Floating Islands,,
Toxic Books of the Ancients,,Glitchy Abstract,,
Mystic Swirling Leaves with Trailing Smoke,,Glitchy Deep Abyss,,
Infernal Origami Birds of the Ancients,,Pastel Candy Land,,
Glitch Planets in Motion,,Synthwave Magic,,
Toxic Butterflies in Motion,,Monochrome Abstract,,
Galactic Volcanic Rocks with Trailing Smoke,,Pastel Festival,,
Infernal Glowing Vines with Trailing Smoke,,High Contrast Forest,,
Cybernetic Origami Birds and Neon Glow,,Starry Comic Speed Lines,,
Orbiting Robot Drones and Stardust,,Cyberpunk Floating Islands,,
Holographic Books and Stardust,,Ethereal Haunted Graveyard,,
Gilded Galaxy Fragments in Motion,,Retro 80s Fantasy,,
Steampunk Storm Clouds of the Ancients,,Foggy Volcano,,
Arcane Galaxy Fragments pulsing with Energy,,Soft Focus Festival,,
Clockwork Gear Clusters of the Ancients,,Cyberpunk Comic Speed Lines,,
Infernal Bubble Clusters of the Ancients,,Cyberpunk Dream World,,
Infernal Floating Masks and Neon Glow,,Starry Steampunk Factory,,
Prismatic Bubble Clusters and Stardust,,Pastel Comic Speed Lines,,
Orbiting Mini Castles with Sparks,,Sunlit Underwater,,
Cursed Glowing Vines and Neon Glow,,Pastel Crystals,,
Organic Floating Eyes with Trailing Smoke,,Vibrant Neon,,
Blessed Musical Notes and Neon Glow,,Monochrome Fantasy,,
Crystalline Planets pulsing with Energy,,Sunlit Winter Wonderland,,
Clockwork Ancient Runes of the Ancients,,Dark Pixel Room,,
Gilded Gear Clusters with Sparks,,Starry Cyber City,,
Crystalline Light Beams in Zero Gravity,,Cyberpunk Technology,,
Blessed Crystal Shards of the Ancients,,Ethereal Neon,,
Organic Ghost Companions emitting Aura,,High Contrast Neon,,
Quantum Origami Birds with Sparks,,Glitchy Neon,,
Divine Energy Rings in Zero Gravity,,Glitchy Galaxy,,
Divine Floating Lanterns in Motion,,Foggy Technology,,
Steampunk Floating Eyes with Sparks,,Vibrant Candy Land,,
Spectral Data Streams pulsing with Energy,,High Contrast Space,,
Holographic Mini Castles with Trailing Smoke,,High Contrast Floating Islands,,
Crystalline Floating Lanterns and Neon Glow,,Glitchy Candy Land,,
Prismatic Floating Masks in Zero Gravity,,Sunlit Steampunk Factory,,
Glitch Glowing Vines with Trailing Smoke,,Foggy Festival,,
Mechanical Orbital Satellites of the Ancients,,Vibrant Forest,,
Steampunk Magic Portals emitting Aura,,Starry Crystals,,
Celestial Butterflies with Trailing Smoke,,Gradient Temple,,
Ethereal Books emitting Aura,,Foggy Abstract,,
Holographic Volcanic Rocks in Zero Gravity,,Soft Focus Volcano,,
Toxic Storm Clouds of the Ancients,,Moonlit Autumn Woods,,
Clockwork Gear Clusters in Motion,,Synthwave Aurora,,
Aether Crystal Shards and Stardust,,Sunlit Ice Cave,,
Organic Planets emitting Aura,,Moonlit Neon,,
Plasma Ghost Companions emitting Aura,,High Contrast Summer Beach,,
Galactic Data Streams in Motion,,Sunlit Pixel Room,,
Plasma Musical Notes and Neon Glow,,Soft Focus Pixel Room,,
Galactic Bubble Clusters and Neon Glow,,Monochrome Festival,,
Clockwork Robot Drones pulsing with Energy,,Synthwave Candy Land,,
Mechanical Light Beams in Zero Gravity,,Gradient Ice Cave,,
Clockwork Floating Lanterns with Glitch Effect,,Cyberpunk Temple,,
Divine Planets in Motion,,Sunlit Toy Room,,
Neon Bubble Clusters and Neon Glow,,Monochrome Temple,,
Organic Bubble Clusters with Trailing Smoke,,Monochrome Minimal,,
Toxic Crystal Shards with Sparks,,Retro 80s Temple,,
Floating Ice Spikes pulsing with Energy,,Pastel Magic,,
Galactic Crystal Shards pulsing with Energy,,Gradient Steampunk Factory,,
Crystalline Shadow Tendrils in Zero Gravity,,Synthwave Fantasy,,
Floating Dragons pulsing with Energy,,Synthwave Clouds,,
Arcane Magic Circles with Trailing Smoke,,Moonlit Dream World,,
Ethereal Origami Birds and Stardust,,Dark Floating Islands,,
Quantum Butterflies with Trailing Smoke,,Glitchy Technology,,
Aether Volcanic Rocks with Sparks,,Foggy Neon,,
Celestial Galaxy Fragments with Glitch Effect,,Foggy Floating Islands,,
Solar Floating Lanterns pulsing with Energy,,Dark Clouds,,
Divine Books in Motion,,Foggy Galaxy,,
Organic Ancient Runes in Zero Gravity,,Monochrome Floating Islands,,
Crystalline Butterflies and Neon Glow,,Starry Mountain Peak,,
Steampunk Ice Spikes with Sparks,,Cyberpunk Mountain Peak,,
Clockwork Mini Castles in Zero Gravity,,Ethereal Aurora,,
Glitch Ancient Runes with Glitch Effect,,Neon Cyber City,,
Plasma Swirling Leaves and Neon Glow,,Glitchy Haunted Graveyard,,
Toxic Volcanic Rocks in Zero Gravity,,Retro 80s Forest,,
Holographic Ghost Companions and Neon Glow,,Retro 80s Ice Cave,,
Mechanical Swarm of Fireflies of the Ancients,,Moonlit Abstract,,
Plasma Energy Rings and Stardust,,Vibrant Abstract,,
Abyssal Ancient Runes emitting Aura,,Neon Galaxy,,
Toxic Floating Eyes of the Ancients,,Foggy Summer Beach,,
Volcanic Origami Birds in Zero Gravity,,Moonlit Fantasy,,
Arcane Data Streams pulsing with Energy,,Moonlit Ancient Ruins,,
Abyssal Robot Drones emitting Aura,,Monochrome Ancient Ruins,,
Prismatic Orbital Satellites in Zero Gravity,,Neon Neon,,
Glitch Swarm of Fireflies and Stardust,,Ethereal Minimal,,
Plasma Ghost Companions in Zero Gravity,,Foggy Aurora,,
Mechanical Swarm of Fireflies and Neon Glow,,Retro 80s Technology,,
Abyssal Musical Notes with Sparks,,Monochrome Dream World,,
Plasma Magic Portals pulsing with Energy,,Synthwave Space,,
Cursed Light Beams in Motion,,Gradient Volcano,,
Orbiting Magic Circles emitting Aura,,Starry Underwater,,
Quantum Swirling Leaves with Sparks,,Ethereal Forest,,
Clockwork Bubble Clusters in Zero Gravity,,Sunlit Abstract,,
Orbiting Gear Clusters and Neon Glow,,High Contrast Pixel Room,,
Arcane Floating Masks pulsing with Energy,,Foggy Magic,,
Clockwork Books and Stardust,,Pastel Galaxy,,
Cybernetic Magic Portals of the Ancients,,Ethereal Winter Wonderland,,
Steampunk Dragons in Motion,,Starry Floating Islands,,
Quantum Galaxy Fragments emitting Aura,,Synthwave Festival,,
Clockwork Musical Notes emitting Aura,,Starry Aurora,,
Divine Mini Castles and Neon Glow,,Foggy Deep Abyss,,
Quantum Butterflies with Sparks,,Glitchy Floating Islands,,
Spectral Orbital Satellites and Stardust,,Soft Focus Dream World,,
Quantum Shadow Tendrils with Trailing Smoke,,Cyberpunk Deep Abyss,,
Cursed Ghost Companions and Neon Glow,,Sunlit Space,,
Ethereal Floating Eyes and Stardust,,Pastel Mountain Peak,,
Prismatic Ancient Runes with Glitch Effect,,Monochrome Mountain Peak,,
Aether Light Beams with Trailing Smoke,,Pastel Abstract,,
Quantum Light Beams with Trailing Smoke,,Neon Fantasy,,
Ethereal Magic Circles with Sparks,,Dark Cyber City,,
Floating Thunderbolts in Zero Gravity,,Neon Festival,,
Abyssal Orbital Satellites in Zero Gravity,,Monochrome Galaxy,,
Blessed Gear Clusters with Sparks,,Sunlit Alien Planet,,
Clockwork Glowing Vines emitting Aura,,Vibrant Desert,,
Quantum Thunderbolts with Trailing Smoke,,Foggy Minimal,,
Steampunk Gear Clusters with Trailing Smoke,,Neon Autumn Woods,,
Galactic Robot Drones emitting Aura,,Cyberpunk Desert,,
Solar Galaxy Fragments of the Ancients,,Sunlit Forest,,
Spectral Galaxy Fragments in Motion,,Monochrome Space,,
Solar Energy Rings in Motion,,High Contrast Dream World,,
Spectral Robot Drones and Neon Glow,,Soft Focus Haunted Graveyard,,
Glitch Butterflies pulsing with Energy,,Starry Candy Land,,
Mechanical Levitating Swords and Neon Glow,,Cyberpunk Summer Beach,,
Blessed Glowing Vines pulsing with Energy,,Moonlit Aurora,,
Steampunk Musical Notes in Motion,,Neon Pixel Room,,
Cybernetic Ancient Runes and Neon Glow,,Moonlit Toy Room,,
Blessed Books with Glitch Effect,,Synthwave Dream World,,
Cursed Floating Eyes and Neon Glow,,Moonlit Cyber City,,
Mystic Ice Spikes with Trailing Smoke,,High Contrast Technology,,
Abyssal Galaxy Fragments emitting Aura,,Vibrant Haunted Graveyard,,
Crystalline Volcanic Rocks with Trailing Smoke,,Soft Focus Summer Beach,,
Lunar Galaxy Fragments in Motion,,Pastel Technology,,
Spectral Gear Clusters in Zero Gravity,,Gradient Forest,,
Infernal Glowing Vines pulsing with Energy,,Pastel Castle,,
Celestial Ancient Runes with Sparks,,Pastel Minimal,,
Arcane Orbital Satellites in Zero Gravity,,Ethereal Underwater,,
Cursed Thunderbolts emitting Aura,,Pastel Ancient Ruins,,
Celestial Volcanic Rocks pulsing with Energy,,Ethereal Galaxy,,
Floating Shadow Tendrils with Trailing Smoke,,Starry Space,,
Cursed Light Beams with Glitch Effect,,Gradient Aurora,,
Spectral Thunderbolts with Trailing Smoke,,Dark Festival,,
Crystalline Energy Rings with Glitch Effect,,Monochrome Candy Land,,
Infernal Volcanic Rocks emitting Aura,,Moonlit Space,,
Prismatic Floating Lanterns pulsing with Energy,,Gradient Fantasy,,
Mystic Orbital Satellites and Stardust,,Foggy Desert,,
Mystic Volcanic Rocks emitting Aura,,Neon Comic Speed Lines,,
Glitch Storm Clouds with Trailing Smoke,,Synthwave Crystals,,
Infernal Ice Spikes pulsing with Energy,,High Contrast Deep Abyss,,
Gilded Magic Circles of the Ancients,,Soft Focus Desert,,
Orbiting Bubble Clusters with Glitch Effect,,Neon Technology,,
Infernal Magic Circles and Stardust,,Monochrome Autumn Woods,,
Aether Storm Clouds and Stardust,,Retro 80s Haunted Graveyard,,
Mechanical Dragons in Zero Gravity,,Dark Toy Room,,
Infernal Gear Clusters and Neon Glow,,Monochrome Cyber City,,
Cursed Magic Circles and Neon Glow,,Ethereal Abstract,,
Toxic Volcanic Rocks of the Ancients,,Sunlit Technology,,
Aether Orbital Satellites with Glitch Effect,,Monochrome Forest,,
Plasma Levitating Swords with Sparks,,Vibrant Aurora,,
Ethereal Energy Rings with Glitch Effect,,Dark Steampunk Factory,,
Infernal Gear Clusters with Sparks,,Retro 80s Mountain Peak,,
Blessed Magic Portals in Zero Gravity,,Neon Space,,
Orbiting Energy Rings with Glitch Effect,,Gradient Cyber City,,
Orbiting Ice Spikes with Sparks,,Vibrant Cyber City,,
Solar Books emitting Aura,,Dark Crystals,,
Organic Orbital Satellites pulsing with Energy,,Monochrome Crystals,,
Cybernetic Ice Spikes with Sparks,,Neon Abstract,,
Aether Floating Masks of the Ancients,,Ethereal Summer Beach,,
Ethereal Light Beams of the Ancients,,Gradient Minimal,,
Quantum Dragons and Stardust,,Gradient Pixel Room,,
Abyssal Glowing Vines with Glitch Effect,,Dark Mountain Peak,,
Divine Swirling Leaves pulsing with Energy,,Neon Underwater,,
Galactic Musical Notes of the Ancients,,Monochrome Neon,,
Cursed Ancient Runes with Trailing Smoke,,Moonlit Clouds,,
Steampunk Robot Drones in Zero Gravity,,Ethereal Temple,,
Cursed Musical Notes in Motion,,Vibrant Castle,,
Mechanical Books pulsing with Energy,,High Contrast Ice Cave,,
Holographic Floating Masks and Neon Glow,,Gradient Toy Room,,
Mystic Musical Notes in Motion,,Glitchy Aurora,,
Glitch Robot Drones with Sparks,,High Contrast Candy Land,,
Steampunk Ancient Runes pulsing with Energy,,Ethereal Space,,
Volcanic Volcanic Rocks and Neon Glow,,Pastel Dream World,,
Mystic Ghost Companions with Glitch Effect,,Starry Abstract,,
Lunar Ice Spikes and Stardust,,Cyberpunk Festival,,
Holographic Energy Rings pulsing with Energy,,Dark Aurora,,
Crystalline Dragons in Zero Gravity,,,,
Divine Crystal Shards of the Ancients,,,,
Glitch Magic Portals of the Ancients,,,,
Ethereal Light Beams in Zero Gravity,,,,
Aether Swirling Leaves emitting Aura,,,,
Quantum Storm Clouds pulsing with Energy,,,,
Mechanical Ancient Runes emitting Aura,,,,
Solar Data Streams of the Ancients,,,,
Quantum Crystal Shards in Zero Gravity,,,,
Glitch Floating Masks with Sparks,,,,
Divine Origami Birds with Sparks,,,,
Spectral Light Beams and Stardust,,,,
Galactic Planets of the Ancients,,,,
Plasma Bubble Clusters and Neon Glow,,,,
Quantum Origami Birds pulsing with Energy,,,,
Glitch Gear Clusters with Trailing Smoke,,,,
Lunar Swarm of Fireflies and Neon Glow,,,,
Crystalline Mini Castles and Neon Glow,,,,
Aether Galaxy Fragments emitting Aura,,,,
Galactic Data Streams of the Ancients,,,,
Steampunk Storm Clouds in Zero Gravity,,,,
Steampunk Thunderbolts with Trailing Smoke,,,,
Cybernetic Magic Portals in Motion,,,,
Mystic Floating Lanterns and Neon Glow,,,,
Cursed Origami Birds and Stardust,,,,
Cursed Planets emitting Aura,,,,
Crystalline Magic Circles with Sparks,,,,
Mechanical Dragons with Sparks,,,,
Organic Data Streams with Trailing Smoke,,,,
Ethereal Levitating Swords with Trailing Smoke,,,,
Plasma Magic Circles in Motion,,,,
Solar Shadow Tendrils and Stardust,,,,
Orbiting Thunderbolts emitting Aura,,,,
Holographic Volcanic Rocks and Neon Glow,,,,
Gilded Butterflies pulsing with Energy,,,,
Celestial Orbital Satellites with Glitch Effect,,,,
Ethereal Orbital Satellites in Motion,,,,
Clockwork Volcanic Rocks with Trailing Smoke,,,,
Mystic Books of the Ancients,,,,
Floating Swirling Leaves pulsing with Energy,,,,
Infernal Shadow Tendrils and Neon Glow,,,,
Toxic Musical Notes in Motion,,,,
Spectral Magic Portals of the Ancients,,,,
Aether Levitating Swords pulsing with Energy,,,,
Orbiting Ghost Companions and Stardust,,,,
Abyssal Light Beams emitting Aura,,,,
Clockwork Musical Notes and Neon Glow,,,,
Divine Floating Eyes of the Ancients,,,,
Aether Gear Clusters with Trailing Smoke,,,,
Arcane Magic Circles with Glitch Effect,,,,
Orbiting Musical Notes emitting Aura,,,,
Plasma Floating Masks with Trailing Smoke,,,,
Galactic Swarm of Fireflies with Sparks,,,,
Holographic Musical Notes with Sparks,,,,
Abyssal Shadow Tendrils and Neon Glow,,,,
Blessed Thunderbolts of the Ancients,,,,
Holographic Bubble Clusters with Glitch Effect,,,,
Toxic Thunderbolts in Motion,,,,
Mystic Glowing Vines and Stardust,,,,
Solar Books and Stardust,,,,
Cybernetic Musical Notes with Trailing Smoke,,,,
Ethereal Ancient Runes with Glitch Effect,,,,
Clockwork Butterflies of the Ancients,,,,
Mystic Mini Castles and Stardust,,,,
Neon Glowing Vines with Sparks,,,,
Floating Origami Birds and Neon Glow,,,,
Galactic Shadow Tendrils with Sparks,,,,
Divine Swarm of Fireflies of the Ancients,,,,
Cursed Thunderbolts with Trailing Smoke,,,,
Blessed Floating Lanterns in Zero Gravity,,,,
Glitch Galaxy Fragments with Trailing Smoke,,,,
Abyssal Ice Spikes in Zero Gravity,,,,
Steampunk Storm Clouds with Sparks,,,,
Steampunk Orbital Satellites and Neon Glow,,,,
Arcane Origami Birds and Neon Glow,,,,
Aether Ancient Runes in Motion,,,,
Holographic Books in Zero Gravity,,,,
Celestial Gear Clusters in Zero Gravity,,,,
Galactic Swarm of Fireflies in Zero Gravity,,,,
Infernal Crystal Shards in Motion,,,,
Arcane Musical Notes and Neon Glow,,,,
Crystalline Orbital Satellites and Stardust,,,,
Crystalline Volcanic Rocks in Motion,,,,
Quantum Musical Notes of the Ancients,,,,
Clockwork Swirling Leaves with Trailing Smoke,,,,
Holographic Volcanic Rocks of the Ancients,,,,
Gilded Magic Circles pulsing with Energy,,,,
Toxic Musical Notes and Stardust,,,,
Celestial Thunderbolts with Sparks,,,,
Solar Gear Clusters and Stardust,,,,
Plasma Data Streams pulsing with Energy,,,,
Galactic Shadow Tendrils with Glitch Effect,,,,
Gilded Swirling Leaves in Motion,,,,
Cybernetic Gear Clusters in Motion,,,,
Toxic Light Beams and Stardust,,,,
Cursed Galaxy Fragments with Trailing Smoke,,,,
Solar Energy Rings emitting Aura,,,,
Celestial Volcanic Rocks and Neon Glow,,,,
Neon Swirling Leaves in Motion,,,,
Lunar Books and Stardust,,,,
Divine Thunderbolts with Glitch Effect,,,,
Holographic Energy Rings with Glitch Effect,,,,
Organic Gear Clusters with Sparks,,,,
Blessed Planets and Stardust,,,,
Mystic Gear Clusters in Zero Gravity,,,,
Glitch Ghost Companions with Glitch Effect,,,,
Glitch Swarm of Fireflies emitting Aura,,,,
Celestial Shadow Tendrils and Neon Glow,,,,
Celestial Ancient Runes and Stardust,,,,
Mystic Bubble Clusters with Trailing Smoke,,,,
Plasma Butterflies pulsing with Energy,,,,
Aether Ancient Runes and Neon Glow,,,,
Steampunk Ice Spikes and Stardust,,,,
Aether Floating Lanterns in Motion,,,,
Orbiting Ancient Runes emitting Aura,,,,
Clockwork Ghost Companions with Glitch Effect,,,,
Spectral Musical Notes in Zero Gravity,,,,
Celestial Planets with Trailing Smoke,,,,
Mechanical Volcanic Rocks pulsing with Energy,,,,
Lunar Floating Lanterns and Stardust,,,,
Clockwork Magic Portals in Zero Gravity,,,,
Abyssal Ancient Runes in Zero Gravity,,,,
Solar Floating Lanterns in Motion,,,,
Orbiting Thunderbolts with Glitch Effect,,,,
Organic Volcanic Rocks and Stardust,,,,
Neon Bubble Clusters emitting Aura,,,,
Floating Ice Spikes and Neon Glow,,,,
Clockwork Magic Circles emitting Aura,,,,
Divine Magic Portals with Sparks,,,,
Holographic Glowing Vines emitting Aura,,,,
Ethereal Dragons emitting Aura,,,,
Neon Glowing Vines and Neon Glow,,,,
Galactic Storm Clouds emitting Aura,,,,
Toxic Robot Drones emitting Aura,,,,
Orbiting Swarm of Fireflies with Glitch Effect,,,,
Blessed Light Beams in Zero Gravity,,,,
Steampunk Energy Rings in Zero Gravity,,,,
Prismatic Crystal Shards in Motion,,,,
Abyssal Storm Clouds with Glitch Effect,,,,
Spectral Dragons with Sparks,,,,
Organic Ghost Companions with Glitch Effect,,,,
Floating Crystal Shards and Neon Glow,,,,
Spectral Ghost Companions of the Ancients,,,,
Cursed Floating Masks in Motion,,,,
Abyssal Light Beams with Sparks,,,,
Crystalline Glowing Vines with Glitch Effect,,,,
Solar Thunderbolts pulsing with Energy,,,,
Solar Books of the Ancients,,,,
Ethereal Swirling Leaves and Neon Glow,,,,
Steampunk Robot Drones emitting Aura,,,,
Arcane Glowing Vines in Motion,,,,
Gilded Swarm of Fireflies pulsing with Energy,,,,
Organic Magic Circles in Motion,,,,
Cybernetic Shadow Tendrils in Zero Gravity,,,,
Lunar Bubble Clusters in Motion,,,,
Glitch Crystal Shards in Zero Gravity,,,,
Volcanic Ghost Companions in Motion,,,,
Neon Butterflies and Stardust,,,,
Volcanic Musical Notes of the Ancients,,,,
Steampunk Ancient Runes with Sparks,,,,
Prismatic Bubble Clusters pulsing with Energy,,,,
Galactic Swarm of Fireflies in Motion,,,,
Quantum Orbital Satellites emitting Aura,,,,
Prismatic Levitating Swords with Glitch Effect,,,,
Neon Thunderbolts and Stardust,,,,
Gilded Swirling Leaves emitting Aura,,,,
Mystic Floating Masks in Motion,,,,
Quantum Bubble Clusters with Glitch Effect,,,,
Blessed Magic Circles emitting Aura,,,,
Abyssal Light Beams and Neon Glow,,,,
Orbiting Data Streams emitting Aura,,,,
Organic Books pulsing with Energy,,,,
Solar Ghost Companions and Stardust,,,,
Infernal Gear Clusters in Zero Gravity,,,,
Gilded Mini Castles emitting Aura,,,,
Infernal Data Streams with Sparks,,,,
Gilded Crystal Shards pulsing with Energy,,,,
Toxic Energy Rings with Trailing Smoke,,,,
Solar Ice Spikes with Trailing Smoke,,,,
Prismatic Musical Notes and Neon Glow,,,,
Gilded Light Beams and Neon Glow,,,,
Cybernetic Books and Neon Glow,,,,
Solar Levitating Swords emitting Aura,,,,
Quantum Ghost Companions in Zero Gravity,,,,
Spectral Musical Notes pulsing with Energy,,,,
Mechanical Floating Masks and Neon Glow,,,,
Cybernetic Dragons pulsing with Energy,,,,
Celestial Crystal Shards with Trailing Smoke,,,,
Prismatic Planets with Sparks,,,,
Holographic Data Streams and Neon Glow,,,,
Clockwork Data Streams of the Ancients,,,,
Galactic Ghost Companions pulsing with Energy,,,,
Blessed Ice Spikes and Neon Glow,,,,
Toxic Butterflies and Stardust,,,,
Mechanical Energy Rings with Sparks,,,,
Cursed Dragons pulsing with Energy,,,,
Celestial Ice Spikes emitting Aura,,,,
Infernal Galaxy Fragments and Neon Glow,,,,
Infernal Bubble Clusters pulsing with Energy,,,,
Lunar Magic Circles with Glitch Effect,,,,
Celestial Books with Trailing Smoke,,,,
Mechanical Mini Castles of the Ancients,,,,
Mystic Musical Notes of the Ancients,,,,
Holographic Books of the Ancients,,,,
Abyssal Thunderbolts pulsing with Energy,,,,
Mystic Origami Birds in Motion,,,,
Prismatic Thunderbolts in Motion,,,,
Prismatic Levitating Swords and Neon Glow,,,,
Abyssal Dragons of the Ancients,,,,
Abyssal Ice Spikes in Motion,,,,
Plasma Gear Clusters and Stardust,,,,
Arcane Planets in Zero Gravity,,,,
Floating Thunderbolts emitting Aura,,,,
Orbiting Ghost Companions emitting Aura,,,,
Aether Levitating Swords with Sparks,,,,
Cybernetic Musical Notes in Motion,,,,
Steampunk Dragons with Sparks,,,,
Spectral Gear Clusters of the Ancients,,,,
Blessed Ice Spikes with Sparks,,,,
Toxic Thunderbolts and Stardust,,,,
Quantum Gear Clusters pulsing with Energy,,,,
Infernal Floating Masks with Glitch Effect,,,,
Steampunk Swirling Leaves in Motion,,,,
Prismatic Butterflies and Neon Glow,,,,
Galactic Bubble Clusters with Trailing Smoke,,,,
Blessed Galaxy Fragments in Zero Gravity,,,,
Solar Dragons in Zero Gravity,,,,
Glitch Dragons in Zero Gravity,,,,
Toxic Levitating Swords and Neon Glow,,,,
Crystalline Ice Spikes in Zero Gravity,,,,
Arcane Levitating Swords with Trailing Smoke,,,,
Mechanical Bubble Clusters and Neon Glow,,,,
Mechanical Glowing Vines with Glitch Effect,,,,
Prismatic Thunderbolts pulsing with Energy,,,,
Mystic Crystal Shards and Neon Glow,,,,
Volcanic Gear Clusters with Sparks,,,,
Quantum Ghost Companions of the Ancients,,,,
Spectral Volcanic Rocks of the Ancients,,,,
Toxic Floating Masks emitting Aura,,,,
Holographic Crystal Shards and Neon Glow,,,,
Cursed Floating Eyes with Glitch Effect,,,,
Volcanic Orbital Satellites pulsing with Energy,,,,
Galactic Ancient Runes and Stardust,,,,
Mystic Magic Circles in Zero Gravity,,,,
Plasma Galaxy Fragments with Sparks,,,,
Celestial Volcanic Rocks emitting Aura,,,,
Solar Levitating Swords and Neon Glow,,,,
Divine Dragons pulsing with Energy,,,,
Lunar Butterflies in Motion,,,,
Prismatic Magic Circles emitting Aura,,,,
Ethereal Levitating Swords in Motion,,,,
Aether Levitating Swords with Glitch Effect,,,,
Organic Ice Spikes and Neon Glow,,,,
Toxic Magic Portals in Motion,,,,
Ethereal Storm Clouds with Trailing Smoke,,,,
Blessed Books in Zero Gravity,,,,
Lunar Dragons emitting Aura,,,,
Blessed Swarm of Fireflies of the Ancients,,,,
Divine Bubble Clusters in Motion,,,,
Divine Dragons of the Ancients,,,,
Prismatic Musical Notes in Motion,,,,
Arcane Floating Lanterns with Glitch Effect,,,,
Blessed Storm Clouds with Trailing Smoke,,,,
Celestial Books pulsing with Energy,,,,
Volcanic Volcanic Rocks with Trailing Smoke,,,,
Solar Planets of the Ancients,,,,
Neon Thunderbolts and Neon Glow,,,,
Cursed Magic Circles emitting Aura,,,,
Plasma Magic Portals with Sparks,,,,
Ethereal Magic Circles and Neon Glow,,,,
Lunar Light Beams and Stardust,,,,
Galactic Levitating Swords and Stardust,,,,
Lunar Bubble Clusters and Neon Glow,,,,
Ethereal Shadow Tendrils and Stardust,,,,
Organic Galaxy Fragments of the Ancients,,,,
Steampunk Galaxy Fragments with Glitch Effect,,,,
Cursed Swirling Leaves and Stardust,,,,
Holographic Dragons with Trailing Smoke,,,,
Mystic Galaxy Fragments emitting Aura,,,,
Steampunk Swirling Leaves with Sparks,,,,
Steampunk Swarm of Fireflies of the Ancients,,,,
Mystic Magic Portals of the Ancients,,,,
Cybernetic Ancient Runes of the Ancients,,,,
Solar Glowing Vines emitting Aura,,,,
Holographic Magic Circles with Sparks,,,,
Aether Magic Circles and Neon Glow,,,,
Volcanic Ice Spikes of the Ancients,,,,
Floating Swirling Leaves with Sparks,,,,
Aether Robot Drones and Stardust,,,,
Floating Floating Lanterns with Trailing Smoke,,,,
Floating Energy Rings with Sparks,,,,
Volcanic Butterflies and Neon Glow,,,,
Clockwork Crystal Shards and Neon Glow,,,,
Plasma Swirling Leaves of the Ancients,,,,
Quantum Robot Drones with Trailing Smoke,,,,
Cybernetic Swirling Leaves with Glitch Effect,,,,
Cybernetic Light Beams with Sparks,,,,
Clockwork Energy Rings and Neon Glow,,,,
Infernal Planets with Glitch Effect,,,,
Prismatic Musical Notes in Zero Gravity,,,,
Toxic Musical Notes with Sparks,,,,
Clockwork Bubble Clusters pulsing with Energy,,,,
Toxic Dragons with Glitch Effect,,,,
Toxic Volcanic Rocks with Trailing Smoke,,,,
Plasma Galaxy Fragments pulsing with Energy,,,,
Clockwork Crystal Shards in Motion,,,,
Neon Swarm of Fireflies and Neon Glow,,,,
Gilded Musical Notes and Neon Glow,,,,
Galactic Dragons pulsing with Energy,,,,
Mechanical Data Streams pulsing with Energy,,,,
Prismatic Galaxy Fragments in Zero Gravity,,,,
Neon Data Streams in Zero Gravity,,,,
Arcane Thunderbolts emitting Aura,,,,
Orbiting Swirling Leaves emitting Aura,,,,
Neon Planets with Trailing Smoke,,,,
Floating Floating Lanterns in Zero Gravity,,,,
Glitch Crystal Shards emitting Aura,,,,
Clockwork Dragons pulsing with Energy,,,,
Celestial Magic Portals of the Ancients,,,,
Ethereal Swarm of Fireflies pulsing with Energy,,,,
Arcane Ghost Companions emitting Aura,,,,
Neon Origami Birds with Sparks,,,,
Glitch Gear Clusters of the Ancients,,,,
Toxic Ancient Runes with Trailing Smoke,,,,
Abyssal Magic Portals of the Ancients,,,,
Quantum Glowing Vines with Sparks,,,,
Mechanical Energy Rings of the Ancients,,,,
Spectral Orbital Satellites and Neon Glow,,,,
Cursed Glowing Vines with Sparks,,,,
Abyssal Magic Circles and Stardust,,,,
Infernal Volcanic Rocks and Neon Glow,,,,
Abyssal Magic Portals with Sparks,,,,
Blessed Levitating Swords with Glitch Effect,,,,
Aether Origami Birds and Stardust,,,,
Cybernetic Data Streams in Zero Gravity,,,,
Steampunk Gear Clusters and Stardust,,,,
Glitch Magic Circles in Motion,,,,
Floating Orbital Satellites with Glitch Effect,,,,
Spectral Bubble Clusters pulsing with Energy,,,,
Blessed Floating Lanterns and Stardust,,,,
Lunar Magic Portals of the Ancients,,,,
Glitch Mini Castles with Trailing Smoke,,,,
Solar Ancient Runes and Neon Glow,,,,
Toxic Galaxy Fragments and Stardust,,,,
Lunar Light Beams with Sparks,,,,
Crystalline Ice Spikes emitting Aura,,,,
Steampunk Planets and Stardust,,,,
Steampunk Glowing Vines pulsing with Energy,,,,
Spectral Volcanic Rocks in Zero Gravity,,,,
Prismatic Robot Drones pulsing with Energy,,,,
Cursed Magic Circles with Sparks,,,,
Cybernetic Ancient Runes pulsing with Energy,,,,
Mechanical Dragons and Neon Glow,,,,
Divine Thunderbolts emitting Aura,,,,
Infernal Swarm of Fireflies with Sparks,,,,
Solar Thunderbolts in Zero Gravity,,,,
Mystic Gear Clusters with Glitch Effect,,,,
Volcanic Books with Sparks,,,,
Cybernetic Origami Birds in Motion,,,,
Toxic Ghost Companions pulsing with Energy,,,,
Aether Robot Drones with Trailing Smoke,,,,
Neon Magic Portals of the Ancients,,,,
Blessed Orbital Satellites of the Ancients,,,,
Spectral Crystal Shards pulsing with Energy,,,,
Prismatic Swarm of Fireflies with Sparks,,,,
Crystalline Volcanic Rocks and Stardust,,,,
Quantum Orbital Satellites with Glitch Effect,,,,
Orbiting Volcanic Rocks with Sparks,,,,
Galactic Glowing Vines with Glitch Effect,,,,
Organic Storm Clouds and Stardust,,,,
Clockwork Swarm of Fireflies in Zero Gravity,,,,
Holographic Swarm of Fireflies in Motion,,,,
Clockwork Ancient Runes with Sparks,,,,
Solar Books with Sparks,,,,
Toxic Galaxy Fragments in Motion,,,,
Infernal Glowing Vines in Motion,,,,
Glitch Dragons of the Ancients,,,,
Abyssal Glowing Vines emitting Aura,,,,
Prismatic Orbital Satellites pulsing with Energy,,,,
Steampunk Data Streams of the Ancients,,,,
Abyssal Glowing Vines of the Ancients,,,,
Blessed Ancient Runes with Sparks,,,,
Celestial Robot Drones and Stardust,,,,
Clockwork Ancient Runes and Neon Glow,,,,
Mechanical Swirling Leaves and Stardust,,,,
Lunar Thunderbolts with Glitch Effect,,,,
Quantum Books with Glitch Effect,,,,
Clockwork Floating Eyes in Zero Gravity,,,,
Steampunk Volcanic Rocks of the Ancients,,,,
Gilded Volcanic Rocks and Neon Glow,,,,
Lunar Gear Clusters in Zero Gravity,,,,
Cybernetic Origami Birds pulsing with Energy,,,,
Divine Bubble Clusters and Stardust,,,,
Orbiting Robot Drones with Trailing Smoke,,,,
Clockwork Gear Clusters and Neon Glow,,,,
Divine Orbital Satellites of the Ancients,,,,
Toxic Storm Clouds with Glitch Effect,,,,
Plasma Levitating Swords in Motion,,,,
Prismatic Bubble Clusters emitting Aura,,,,
Solar Storm Clouds in Zero Gravity,,,,
Organic Swirling Leaves with Trailing Smoke,,,,
Blessed Swarm of Fireflies pulsing with Energy,,,,
Galactic Levitating Swords in Zero Gravity,,,,
Toxic Orbital Satellites of the Ancients,,,,
Ethereal Floating Masks in Motion,,,,
Holographic Floating Lanterns and Stardust,,,,
Prismatic Butterflies in Zero Gravity,,,,
Arcane Storm Clouds pulsing with Energy,,,,
Arcane Volcanic Rocks emitting Aura,,,,
Abyssal Storm Clouds of the Ancients,,,,
Steampunk Mini Castles with Sparks,,,,
Crystalline Volcanic Rocks pulsing with Energy,,,,
Floating Musical Notes in Zero Gravity,,,,
Mystic Butterflies of the Ancients,,,,
Cursed Energy Rings pulsing with Energy,,,,
Gilded Magic Circles with Trailing Smoke,,,,
Solar Light Beams of the Ancients,,,,
Infernal Dragons in Motion,,,,
Floating Origami Birds in Zero Gravity,,,,
Volcanic Ice Spikes with Sparks,,,,
Clockwork Gear Clusters with Sparks,,,,
Arcane Data Streams with Sparks,,,,
Glitch Data Streams of the Ancients,,,,
Plasma Glowing Vines in Zero Gravity,,,,
Quantum Galaxy Fragments in Motion,,,,
Mystic Magic Circles and Neon Glow,,,,
Neon Light Beams of the Ancients,,,,
Lunar Energy Rings pulsing with Energy,,,,
Cursed Musical Notes pulsing with Energy,,,,
Plasma Crystal Shards in Zero Gravity,,,,
Abyssal Volcanic Rocks in Zero Gravity,,,,
Quantum Robot Drones and Neon Glow,,,,
Plasma Floating Masks pulsing with Energy,,,,
Quantum Ancient Runes emitting Aura,,,,
Toxic Butterflies with Glitch Effect,,,,
Floating Volcanic Rocks and Neon Glow,,,,
Abyssal Swirling Leaves and Stardust,,,,
Cursed Energy Rings of the Ancients,,,,
Neon Thunderbolts with Glitch Effect,,,,
Blessed Floating Masks with Trailing Smoke,,,,
Celestial Ice Spikes in Zero Gravity,,,,
Volcanic Bubble Clusters and Stardust,,,,
Gilded Robot Drones in Motion,,,,
Cybernetic Magic Portals and Stardust,,,,
Glitch Orbital Satellites emitting Aura,,,,
Abyssal Origami Birds with Glitch Effect,,,,
Holographic Dragons with Glitch Effect,,,,
Cursed Galaxy Fragments in Zero Gravity,,,,
Abyssal Origami Birds and Neon Glow,,,,
Volcanic Planets and Stardust,,,,
Aether Data Streams and Stardust,,,,
Ethereal Galaxy Fragments in Zero Gravity,,,,
Divine Gear Clusters in Zero Gravity,,,,
Organic Origami Birds pulsing with Energy,,,,
Quantum Ghost Companions pulsing with Energy,,,,
Abyssal Volcanic Rocks with Trailing Smoke,,,,
Prismatic Mini Castles of the Ancients,,,,
Floating Gear Clusters of the Ancients,,,,
Mechanical Floating Eyes pulsing with Energy,,,,
Cybernetic Storm Clouds with Sparks,,,,
Spectral Crystal Shards and Stardust,,,,
Cybernetic Energy Rings and Neon Glow,,,,
Spectral Orbital Satellites emitting Aura,,,,
Gilded Planets with Glitch Effect,,,,
Mystic Ice Spikes in Zero Gravity,,,,
Organic Levitating Swords pulsing with Energy,,,,
Holographic Ice Spikes pulsing with Energy,,,,
Arcane Energy Rings with Trailing Smoke,,,,
Clockwork Galaxy Fragments emitting Aura,,,,
Quantum Floating Masks and Neon Glow,,,,
Crystalline Glowing Vines of the Ancients,,,,
Plasma Planets emitting Aura,,,,
Cursed Orbital Satellites with Sparks,,,,
Cursed Butterflies and Stardust,,,,
Lunar Ghost Companions with Sparks,,,,
Aether Swirling Leaves of the Ancients,,,,
Floating Planets in Zero Gravity,,,,
Glitch Gear Clusters with Glitch Effect,,,,
Crystalline Galaxy Fragments with Glitch Effect,,,,
Quantum Floating Eyes and Stardust,,,,
Neon Planets in Zero Gravity,,,,
Lunar Mini Castles in Zero Gravity,,,,
Volcanic Magic Circles with Trailing Smoke,,,,
Cybernetic Mini Castles and Neon Glow,,,,
Ethereal Galaxy Fragments and Stardust,,,,
Gilded Musical Notes with Trailing Smoke,,,,
Aether Thunderbolts and Stardust,,,,
Ethereal Books pulsing with Energy,,,,
Orbiting Floating Masks with Glitch Effect,,,,
Cybernetic Crystal Shards with Glitch Effect,,,,
Divine Books in Zero Gravity,,,,
Steampunk Swarm of Fireflies with Glitch Effect,,,,
Clockwork Magic Circles with Trailing Smoke,,,,
Glitch Mini Castles in Motion,,,,
Cursed Mini Castles pulsing with Energy,,,,
Neon Floating Lanterns with Sparks,,,,
Mystic Storm Clouds pulsing with Energy,,,,
Clockwork Ice Spikes with Sparks,,,,
Orbiting Glowing Vines in Motion,,,,
Floating Orbital Satellites in Zero Gravity,,,,